image_path,mask_path
/work/vajira/DATA/sinGAN_polyps/singan_out_style_transfered_1_to_1_vgg16/chk_id_668_gen_scale_0_0_img_ST.png,/work/vajira/DATA/sinGAN_polyps/singan_out/chk_id_668_gen_scale_0_0_mask.png
/work/vajira/DATA/sinGAN_polyps/singan_out_style_transfered_1_to_1_vgg16/chk_id_669_gen_scale_0_0_img_ST.png,/work/vajira/DATA/sinGAN_polyps/singan_out/chk_id_669_gen_scale_0_0_mask.png
/work/vajira/DATA/sinGAN_polyps/singan_out_style_transfered_1_to_1_vgg16/chk_id_670_gen_scale_0_0_img_ST.png,/work/vajira/DATA/sinGAN_polyps/singan_out/chk_id_670_gen_scale_0_0_mask.png
/work/vajira/DATA/sinGAN_polyps/singan_out_style_transfered_1_to_1_vgg16/chk_id_671_gen_scale_0_0_img_ST.png,/work/vajira/DATA/sinGAN_polyps/singan_out/chk_id_671_gen_scale_0_0_mask.png
/work/vajira/DATA/sinGAN_polyps/singan_out_style_transfered_1_to_1_vgg16/chk_id_672_gen_scale_0_0_img_ST.png,/work/vajira/DATA/sinGAN_polyps/singan_out/chk_id_672_gen_scale_0_0_mask.png
/work/vajira/DATA/sinGAN_polyps/singan_out_style_transfered_1_to_1_vgg16/chk_id_673_gen_scale_0_0_img_ST.png,/work/vajira/DATA/sinGAN_polyps/singan_out/chk_id_673_gen_scale_0_0_mask.png
/work/vajira/DATA/sinGAN_polyps/singan_out_style_transfered_1_to_1_vgg16/chk_id_674_gen_scale_0_0_img_ST.png,/work/vajira/DATA/sinGAN_polyps/singan_out/chk_id_674_gen_scale_0_0_mask.png
/work/vajira/DATA/sinGAN_polyps/singan_out_style_transfered_1_to_1_vgg16/chk_id_675_gen_scale_0_0_img_ST.png,/work/vajira/DATA/sinGAN_polyps/singan_out/chk_id_675_gen_scale_0_0_mask.png
/work/vajira/DATA/sinGAN_polyps/singan_out_style_transfered_1_to_1_vgg16/chk_id_676_gen_scale_0_0_img_ST.png,/work/vajira/DATA/sinGAN_polyps/singan_out/chk_id_676_gen_scale_0_0_mask.png
/work/vajira/DATA/sinGAN_polyps/singan_out_style_transfered_1_to_1_vgg16/chk_id_677_gen_scale_0_0_img_ST.png,/work/vajira/DATA/sinGAN_polyps/singan_out/chk_id_677_gen_scale_0_0_mask.png
/work/vajira/DATA/sinGAN_polyps/singan_out_style_transfered_1_to_1_vgg16/chk_id_678_gen_scale_0_0_img_ST.png,/work/vajira/DATA/sinGAN_polyps/singan_out/chk_id_678_gen_scale_0_0_mask.png
/work/vajira/DATA/sinGAN_polyps/singan_out_style_transfered_1_to_1_vgg16/chk_id_679_gen_scale_0_0_img_ST.png,/work/vajira/DATA/sinGAN_polyps/singan_out/chk_id_679_gen_scale_0_0_mask.png
/work/vajira/DATA/sinGAN_polyps/singan_out_style_transfered_1_to_1_vgg16/chk_id_680_gen_scale_0_0_img_ST.png,/work/vajira/DATA/sinGAN_polyps/singan_out/chk_id_680_gen_scale_0_0_mask.png
/work/vajira/DATA/sinGAN_polyps/singan_out_style_transfered_1_to_1_vgg16/chk_id_681_gen_scale_0_0_img_ST.png,/work/vajira/DATA/sinGAN_polyps/singan_out/chk_id_681_gen_scale_0_0_mask.png
/work/vajira/DATA/sinGAN_polyps/singan_out_style_transfered_1_to_1_vgg16/chk_id_682_gen_scale_0_0_img_ST.png,/work/vajira/DATA/sinGAN_polyps/singan_out/chk_id_682_gen_scale_0_0_mask.png
/work/vajira/DATA/sinGAN_polyps/singan_out_style_transfered_1_to_1_vgg16/chk_id_683_gen_scale_0_0_img_ST.png,/work/vajira/DATA/sinGAN_polyps/singan_out/chk_id_683_gen_scale_0_0_mask.png
/work/vajira/DATA/sinGAN_polyps/singan_out_style_transfered_1_to_1_vgg16/chk_id_684_gen_scale_0_0_img_ST.png,/work/vajira/DATA/sinGAN_polyps/singan_out/chk_id_684_gen_scale_0_0_mask.png
/work/vajira/DATA/sinGAN_polyps/singan_out_style_transfered_1_to_1_vgg16/chk_id_685_gen_scale_0_0_img_ST.png,/work/vajira/DATA/sinGAN_polyps/singan_out/chk_id_685_gen_scale_0_0_mask.png
/work/vajira/DATA/sinGAN_polyps/singan_out_style_transfered_1_to_1_vgg16/chk_id_686_gen_scale_0_0_img_ST.png,/work/vajira/DATA/sinGAN_polyps/singan_out/chk_id_686_gen_scale_0_0_mask.png
/work/vajira/DATA/sinGAN_polyps/singan_out_style_transfered_1_to_1_vgg16/chk_id_687_gen_scale_0_0_img_ST.png,/work/vajira/DATA/sinGAN_polyps/singan_out/chk_id_687_gen_scale_0_0_mask.png
/work/vajira/DATA/sinGAN_polyps/singan_out_style_transfered_1_to_1_vgg16/chk_id_688_gen_scale_0_0_img_ST.png,/work/vajira/DATA/sinGAN_polyps/singan_out/chk_id_688_gen_scale_0_0_mask.png
/work/vajira/DATA/sinGAN_polyps/singan_out_style_transfered_1_to_1_vgg16/chk_id_689_gen_scale_0_0_img_ST.png,/work/vajira/DATA/sinGAN_polyps/singan_out/chk_id_689_gen_scale_0_0_mask.png
/work/vajira/DATA/sinGAN_polyps/singan_out_style_transfered_1_to_1_vgg16/chk_id_690_gen_scale_0_0_img_ST.png,/work/vajira/DATA/sinGAN_polyps/singan_out/chk_id_690_gen_scale_0_0_mask.png
/work/vajira/DATA/sinGAN_polyps/singan_out_style_transfered_1_to_1_vgg16/chk_id_691_gen_scale_0_0_img_ST.png,/work/vajira/DATA/sinGAN_polyps/singan_out/chk_id_691_gen_scale_0_0_mask.png
/work/vajira/DATA/sinGAN_polyps/singan_out_style_transfered_1_to_1_vgg16/chk_id_692_gen_scale_0_0_img_ST.png,/work/vajira/DATA/sinGAN_polyps/singan_out/chk_id_692_gen_scale_0_0_mask.png
/work/vajira/DATA/sinGAN_polyps/singan_out_style_transfered_1_to_1_vgg16/chk_id_693_gen_scale_0_0_img_ST.png,/work/vajira/DATA/sinGAN_polyps/singan_out/chk_id_693_gen_scale_0_0_mask.png
/work/vajira/DATA/sinGAN_polyps/singan_out_style_transfered_1_to_1_vgg16/chk_id_694_gen_scale_0_0_img_ST.png,/work/vajira/DATA/sinGAN_polyps/singan_out/chk_id_694_gen_scale_0_0_mask.png
/work/vajira/DATA/sinGAN_polyps/singan_out_style_transfered_1_to_1_vgg16/chk_id_695_gen_scale_0_0_img_ST.png,/work/vajira/DATA/sinGAN_polyps/singan_out/chk_id_695_gen_scale_0_0_mask.png
/work/vajira/DATA/sinGAN_polyps/singan_out_style_transfered_1_to_1_vgg16/chk_id_696_gen_scale_0_0_img_ST.png,/work/vajira/DATA/sinGAN_polyps/singan_out/chk_id_696_gen_scale_0_0_mask.png
/work/vajira/DATA/sinGAN_polyps/singan_out_style_transfered_1_to_1_vgg16/chk_id_697_gen_scale_0_0_img_ST.png,/work/vajira/DATA/sinGAN_polyps/singan_out/chk_id_697_gen_scale_0_0_mask.png
/work/vajira/DATA/sinGAN_polyps/singan_out_style_transfered_1_to_1_vgg16/chk_id_698_gen_scale_0_0_img_ST.png,/work/vajira/DATA/sinGAN_polyps/singan_out/chk_id_698_gen_scale_0_0_mask.png
/work/vajira/DATA/sinGAN_polyps/singan_out_style_transfered_1_to_1_vgg16/chk_id_699_gen_scale_0_0_img_ST.png,/work/vajira/DATA/sinGAN_polyps/singan_out/chk_id_699_gen_scale_0_0_mask.png
/work/vajira/DATA/sinGAN_polyps/singan_out_style_transfered_1_to_1_vgg16/chk_id_700_gen_scale_0_0_img_ST.png,/work/vajira/DATA/sinGAN_polyps/singan_out/chk_id_700_gen_scale_0_0_mask.png
/work/vajira/DATA/sinGAN_polyps/singan_out_style_transfered_1_to_1_vgg16/chk_id_701_gen_scale_0_0_img_ST.png,/work/vajira/DATA/sinGAN_polyps/singan_out/chk_id_701_gen_scale_0_0_mask.png
/work/vajira/DATA/sinGAN_polyps/singan_out_style_transfered_1_to_1_vgg16/chk_id_702_gen_scale_0_0_img_ST.png,/work/vajira/DATA/sinGAN_polyps/singan_out/chk_id_702_gen_scale_0_0_mask.png
/work/vajira/DATA/sinGAN_polyps/singan_out_style_transfered_1_to_1_vgg16/chk_id_703_gen_scale_0_0_img_ST.png,/work/vajira/DATA/sinGAN_polyps/singan_out/chk_id_703_gen_scale_0_0_mask.png
/work/vajira/DATA/sinGAN_polyps/singan_out_style_transfered_1_to_1_vgg16/chk_id_704_gen_scale_0_0_img_ST.png,/work/vajira/DATA/sinGAN_polyps/singan_out/chk_id_704_gen_scale_0_0_mask.png
/work/vajira/DATA/sinGAN_polyps/singan_out_style_transfered_1_to_1_vgg16/chk_id_705_gen_scale_0_0_img_ST.png,/work/vajira/DATA/sinGAN_polyps/singan_out/chk_id_705_gen_scale_0_0_mask.png
/work/vajira/DATA/sinGAN_polyps/singan_out_style_transfered_1_to_1_vgg16/chk_id_706_gen_scale_0_0_img_ST.png,/work/vajira/DATA/sinGAN_polyps/singan_out/chk_id_706_gen_scale_0_0_mask.png
/work/vajira/DATA/sinGAN_polyps/singan_out_style_transfered_1_to_1_vgg16/chk_id_707_gen_scale_0_0_img_ST.png,/work/vajira/DATA/sinGAN_polyps/singan_out/chk_id_707_gen_scale_0_0_mask.png
/work/vajira/DATA/sinGAN_polyps/singan_out_style_transfered_1_to_1_vgg16/chk_id_708_gen_scale_0_0_img_ST.png,/work/vajira/DATA/sinGAN_polyps/singan_out/chk_id_708_gen_scale_0_0_mask.png
/work/vajira/DATA/sinGAN_polyps/singan_out_style_transfered_1_to_1_vgg16/chk_id_709_gen_scale_0_0_img_ST.png,/work/vajira/DATA/sinGAN_polyps/singan_out/chk_id_709_gen_scale_0_0_mask.png
/work/vajira/DATA/sinGAN_polyps/singan_out_style_transfered_1_to_1_vgg16/chk_id_710_gen_scale_0_0_img_ST.png,/work/vajira/DATA/sinGAN_polyps/singan_out/chk_id_710_gen_scale_0_0_mask.png
/work/vajira/DATA/sinGAN_polyps/singan_out_style_transfered_1_to_1_vgg16/chk_id_711_gen_scale_0_0_img_ST.png,/work/vajira/DATA/sinGAN_polyps/singan_out/chk_id_711_gen_scale_0_0_mask.png
/work/vajira/DATA/sinGAN_polyps/singan_out_style_transfered_1_to_1_vgg16/chk_id_712_gen_scale_0_0_img_ST.png,/work/vajira/DATA/sinGAN_polyps/singan_out/chk_id_712_gen_scale_0_0_mask.png
/work/vajira/DATA/sinGAN_polyps/singan_out_style_transfered_1_to_1_vgg16/chk_id_713_gen_scale_0_0_img_ST.png,/work/vajira/DATA/sinGAN_polyps/singan_out/chk_id_713_gen_scale_0_0_mask.png
/work/vajira/DATA/sinGAN_polyps/singan_out_style_transfered_1_to_1_vgg16/chk_id_714_gen_scale_0_0_img_ST.png,/work/vajira/DATA/sinGAN_polyps/singan_out/chk_id_714_gen_scale_0_0_mask.png
/work/vajira/DATA/sinGAN_polyps/singan_out_style_transfered_1_to_1_vgg16/chk_id_715_gen_scale_0_0_img_ST.png,/work/vajira/DATA/sinGAN_polyps/singan_out/chk_id_715_gen_scale_0_0_mask.png
/work/vajira/DATA/sinGAN_polyps/singan_out_style_transfered_1_to_1_vgg16/chk_id_716_gen_scale_0_0_img_ST.png,/work/vajira/DATA/sinGAN_polyps/singan_out/chk_id_716_gen_scale_0_0_mask.png
/work/vajira/DATA/sinGAN_polyps/singan_out_style_transfered_1_to_1_vgg16/chk_id_717_gen_scale_0_0_img_ST.png,/work/vajira/DATA/sinGAN_polyps/singan_out/chk_id_717_gen_scale_0_0_mask.png
/work/vajira/DATA/sinGAN_polyps/singan_out_style_transfered_1_to_1_vgg16/chk_id_718_gen_scale_0_0_img_ST.png,/work/vajira/DATA/sinGAN_polyps/singan_out/chk_id_718_gen_scale_0_0_mask.png
/work/vajira/DATA/sinGAN_polyps/singan_out_style_transfered_1_to_1_vgg16/chk_id_719_gen_scale_0_0_img_ST.png,/work/vajira/DATA/sinGAN_polyps/singan_out/chk_id_719_gen_scale_0_0_mask.png
/work/vajira/DATA/sinGAN_polyps/singan_out_style_transfered_1_to_1_vgg16/chk_id_720_gen_scale_0_0_img_ST.png,/work/vajira/DATA/sinGAN_polyps/singan_out/chk_id_720_gen_scale_0_0_mask.png
/work/vajira/DATA/sinGAN_polyps/singan_out_style_transfered_1_to_1_vgg16/chk_id_721_gen_scale_0_0_img_ST.png,/work/vajira/DATA/sinGAN_polyps/singan_out/chk_id_721_gen_scale_0_0_mask.png
/work/vajira/DATA/sinGAN_polyps/singan_out_style_transfered_1_to_1_vgg16/chk_id_722_gen_scale_0_0_img_ST.png,/work/vajira/DATA/sinGAN_polyps/singan_out/chk_id_722_gen_scale_0_0_mask.png
/work/vajira/DATA/sinGAN_polyps/singan_out_style_transfered_1_to_1_vgg16/chk_id_723_gen_scale_0_0_img_ST.png,/work/vajira/DATA/sinGAN_polyps/singan_out/chk_id_723_gen_scale_0_0_mask.png
/work/vajira/DATA/sinGAN_polyps/singan_out_style_transfered_1_to_1_vgg16/chk_id_724_gen_scale_0_0_img_ST.png,/work/vajira/DATA/sinGAN_polyps/singan_out/chk_id_724_gen_scale_0_0_mask.png
/work/vajira/DATA/sinGAN_polyps/singan_out_style_transfered_1_to_1_vgg16/chk_id_725_gen_scale_0_0_img_ST.png,/work/vajira/DATA/sinGAN_polyps/singan_out/chk_id_725_gen_scale_0_0_mask.png
/work/vajira/DATA/sinGAN_polyps/singan_out_style_transfered_1_to_1_vgg16/chk_id_726_gen_scale_0_0_img_ST.png,/work/vajira/DATA/sinGAN_polyps/singan_out/chk_id_726_gen_scale_0_0_mask.png
/work/vajira/DATA/sinGAN_polyps/singan_out_style_transfered_1_to_1_vgg16/chk_id_727_gen_scale_0_0_img_ST.png,/work/vajira/DATA/sinGAN_polyps/singan_out/chk_id_727_gen_scale_0_0_mask.png
/work/vajira/DATA/sinGAN_polyps/singan_out_style_transfered_1_to_1_vgg16/chk_id_728_gen_scale_0_0_img_ST.png,/work/vajira/DATA/sinGAN_polyps/singan_out/chk_id_728_gen_scale_0_0_mask.png
/work/vajira/DATA/sinGAN_polyps/singan_out_style_transfered_1_to_1_vgg16/chk_id_729_gen_scale_0_0_img_ST.png,/work/vajira/DATA/sinGAN_polyps/singan_out/chk_id_729_gen_scale_0_0_mask.png
/work/vajira/DATA/sinGAN_polyps/singan_out_style_transfered_1_to_1_vgg16/chk_id_730_gen_scale_0_0_img_ST.png,/work/vajira/DATA/sinGAN_polyps/singan_out/chk_id_730_gen_scale_0_0_mask.png
/work/vajira/DATA/sinGAN_polyps/singan_out_style_transfered_1_to_1_vgg16/chk_id_731_gen_scale_0_0_img_ST.png,/work/vajira/DATA/sinGAN_polyps/singan_out/chk_id_731_gen_scale_0_0_mask.png
/work/vajira/DATA/sinGAN_polyps/singan_out_style_transfered_1_to_1_vgg16/chk_id_732_gen_scale_0_0_img_ST.png,/work/vajira/DATA/sinGAN_polyps/singan_out/chk_id_732_gen_scale_0_0_mask.png
/work/vajira/DATA/sinGAN_polyps/singan_out_style_transfered_1_to_1_vgg16/chk_id_733_gen_scale_0_0_img_ST.png,/work/vajira/DATA/sinGAN_polyps/singan_out/chk_id_733_gen_scale_0_0_mask.png
/work/vajira/DATA/sinGAN_polyps/singan_out_style_transfered_1_to_1_vgg16/chk_id_734_gen_scale_0_0_img_ST.png,/work/vajira/DATA/sinGAN_polyps/singan_out/chk_id_734_gen_scale_0_0_mask.png
/work/vajira/DATA/sinGAN_polyps/singan_out_style_transfered_1_to_1_vgg16/chk_id_735_gen_scale_0_0_img_ST.png,/work/vajira/DATA/sinGAN_polyps/singan_out/chk_id_735_gen_scale_0_0_mask.png
/work/vajira/DATA/sinGAN_polyps/singan_out_style_transfered_1_to_1_vgg16/chk_id_736_gen_scale_0_0_img_ST.png,/work/vajira/DATA/sinGAN_polyps/singan_out/chk_id_736_gen_scale_0_0_mask.png
/work/vajira/DATA/sinGAN_polyps/singan_out_style_transfered_1_to_1_vgg16/chk_id_737_gen_scale_0_0_img_ST.png,/work/vajira/DATA/sinGAN_polyps/singan_out/chk_id_737_gen_scale_0_0_mask.png
/work/vajira/DATA/sinGAN_polyps/singan_out_style_transfered_1_to_1_vgg16/chk_id_738_gen_scale_0_0_img_ST.png,/work/vajira/DATA/sinGAN_polyps/singan_out/chk_id_738_gen_scale_0_0_mask.png
/work/vajira/DATA/sinGAN_polyps/singan_out_style_transfered_1_to_1_vgg16/chk_id_739_gen_scale_0_0_img_ST.png,/work/vajira/DATA/sinGAN_polyps/singan_out/chk_id_739_gen_scale_0_0_mask.png
/work/vajira/DATA/sinGAN_polyps/singan_out_style_transfered_1_to_1_vgg16/chk_id_740_gen_scale_0_0_img_ST.png,/work/vajira/DATA/sinGAN_polyps/singan_out/chk_id_740_gen_scale_0_0_mask.png
/work/vajira/DATA/sinGAN_polyps/singan_out_style_transfered_1_to_1_vgg16/chk_id_741_gen_scale_0_0_img_ST.png,/work/vajira/DATA/sinGAN_polyps/singan_out/chk_id_741_gen_scale_0_0_mask.png
/work/vajira/DATA/sinGAN_polyps/singan_out_style_transfered_1_to_1_vgg16/chk_id_742_gen_scale_0_0_img_ST.png,/work/vajira/DATA/sinGAN_polyps/singan_out/chk_id_742_gen_scale_0_0_mask.png
/work/vajira/DATA/sinGAN_polyps/singan_out_style_transfered_1_to_1_vgg16/chk_id_743_gen_scale_0_0_img_ST.png,/work/vajira/DATA/sinGAN_polyps/singan_out/chk_id_743_gen_scale_0_0_mask.png
/work/vajira/DATA/sinGAN_polyps/singan_out_style_transfered_1_to_1_vgg16/chk_id_744_gen_scale_0_0_img_ST.png,/work/vajira/DATA/sinGAN_polyps/singan_out/chk_id_744_gen_scale_0_0_mask.png
/work/vajira/DATA/sinGAN_polyps/singan_out_style_transfered_1_to_1_vgg16/chk_id_745_gen_scale_0_0_img_ST.png,/work/vajira/DATA/sinGAN_polyps/singan_out/chk_id_745_gen_scale_0_0_mask.png
/work/vajira/DATA/sinGAN_polyps/singan_out_style_transfered_1_to_1_vgg16/chk_id_746_gen_scale_0_0_img_ST.png,/work/vajira/DATA/sinGAN_polyps/singan_out/chk_id_746_gen_scale_0_0_mask.png
/work/vajira/DATA/sinGAN_polyps/singan_out_style_transfered_1_to_1_vgg16/chk_id_747_gen_scale_0_0_img_ST.png,/work/vajira/DATA/sinGAN_polyps/singan_out/chk_id_747_gen_scale_0_0_mask.png
/work/vajira/DATA/sinGAN_polyps/singan_out_style_transfered_1_to_1_vgg16/chk_id_748_gen_scale_0_0_img_ST.png,/work/vajira/DATA/sinGAN_polyps/singan_out/chk_id_748_gen_scale_0_0_mask.png
/work/vajira/DATA/sinGAN_polyps/singan_out_style_transfered_1_to_1_vgg16/chk_id_749_gen_scale_0_0_img_ST.png,/work/vajira/DATA/sinGAN_polyps/singan_out/chk_id_749_gen_scale_0_0_mask.png
/work/vajira/DATA/sinGAN_polyps/singan_out_style_transfered_1_to_1_vgg16/chk_id_750_gen_scale_0_0_img_ST.png,/work/vajira/DATA/sinGAN_polyps/singan_out/chk_id_750_gen_scale_0_0_mask.png
/work/vajira/DATA/sinGAN_polyps/singan_out_style_transfered_1_to_1_vgg16/chk_id_751_gen_scale_0_0_img_ST.png,/work/vajira/DATA/sinGAN_polyps/singan_out/chk_id_751_gen_scale_0_0_mask.png
/work/vajira/DATA/sinGAN_polyps/singan_out_style_transfered_1_to_1_vgg16/chk_id_752_gen_scale_0_0_img_ST.png,/work/vajira/DATA/sinGAN_polyps/singan_out/chk_id_752_gen_scale_0_0_mask.png
/work/vajira/DATA/sinGAN_polyps/singan_out_style_transfered_1_to_1_vgg16/chk_id_753_gen_scale_0_0_img_ST.png,/work/vajira/DATA/sinGAN_polyps/singan_out/chk_id_753_gen_scale_0_0_mask.png
/work/vajira/DATA/sinGAN_polyps/singan_out_style_transfered_1_to_1_vgg16/chk_id_754_gen_scale_0_0_img_ST.png,/work/vajira/DATA/sinGAN_polyps/singan_out/chk_id_754_gen_scale_0_0_mask.png
/work/vajira/DATA/sinGAN_polyps/singan_out_style_transfered_1_to_1_vgg16/chk_id_755_gen_scale_0_0_img_ST.png,/work/vajira/DATA/sinGAN_polyps/singan_out/chk_id_755_gen_scale_0_0_mask.png
/work/vajira/DATA/sinGAN_polyps/singan_out_style_transfered_1_to_1_vgg16/chk_id_756_gen_scale_0_0_img_ST.png,/work/vajira/DATA/sinGAN_polyps/singan_out/chk_id_756_gen_scale_0_0_mask.png
/work/vajira/DATA/sinGAN_polyps/singan_out_style_transfered_1_to_1_vgg16/chk_id_757_gen_scale_0_0_img_ST.png,/work/vajira/DATA/sinGAN_polyps/singan_out/chk_id_757_gen_scale_0_0_mask.png
/work/vajira/DATA/sinGAN_polyps/singan_out_style_transfered_1_to_1_vgg16/chk_id_758_gen_scale_0_0_img_ST.png,/work/vajira/DATA/sinGAN_polyps/singan_out/chk_id_758_gen_scale_0_0_mask.png
/work/vajira/DATA/sinGAN_polyps/singan_out_style_transfered_1_to_1_vgg16/chk_id_759_gen_scale_0_0_img_ST.png,/work/vajira/DATA/sinGAN_polyps/singan_out/chk_id_759_gen_scale_0_0_mask.png
/work/vajira/DATA/sinGAN_polyps/singan_out_style_transfered_1_to_1_vgg16/chk_id_760_gen_scale_0_0_img_ST.png,/work/vajira/DATA/sinGAN_polyps/singan_out/chk_id_760_gen_scale_0_0_mask.png
/work/vajira/DATA/sinGAN_polyps/singan_out_style_transfered_1_to_1_vgg16/chk_id_761_gen_scale_0_0_img_ST.png,/work/vajira/DATA/sinGAN_polyps/singan_out/chk_id_761_gen_scale_0_0_mask.png
/work/vajira/DATA/sinGAN_polyps/singan_out_style_transfered_1_to_1_vgg16/chk_id_762_gen_scale_0_0_img_ST.png,/work/vajira/DATA/sinGAN_polyps/singan_out/chk_id_762_gen_scale_0_0_mask.png
/work/vajira/DATA/sinGAN_polyps/singan_out_style_transfered_1_to_1_vgg16/chk_id_763_gen_scale_0_0_img_ST.png,/work/vajira/DATA/sinGAN_polyps/singan_out/chk_id_763_gen_scale_0_0_mask.png
/work/vajira/DATA/sinGAN_polyps/singan_out_style_transfered_1_to_1_vgg16/chk_id_764_gen_scale_0_0_img_ST.png,/work/vajira/DATA/sinGAN_polyps/singan_out/chk_id_764_gen_scale_0_0_mask.png
/work/vajira/DATA/sinGAN_polyps/singan_out_style_transfered_1_to_1_vgg16/chk_id_765_gen_scale_0_0_img_ST.png,/work/vajira/DATA/sinGAN_polyps/singan_out/chk_id_765_gen_scale_0_0_mask.png
/work/vajira/DATA/sinGAN_polyps/singan_out_style_transfered_1_to_1_vgg16/chk_id_766_gen_scale_0_0_img_ST.png,/work/vajira/DATA/sinGAN_polyps/singan_out/chk_id_766_gen_scale_0_0_mask.png
/work/vajira/DATA/sinGAN_polyps/singan_out_style_transfered_1_to_1_vgg16/chk_id_767_gen_scale_0_0_img_ST.png,/work/vajira/DATA/sinGAN_polyps/singan_out/chk_id_767_gen_scale_0_0_mask.png
/work/vajira/DATA/sinGAN_polyps/singan_out_style_transfered_1_to_1_vgg16/chk_id_768_gen_scale_0_0_img_ST.png,/work/vajira/DATA/sinGAN_polyps/singan_out/chk_id_768_gen_scale_0_0_mask.png
/work/vajira/DATA/sinGAN_polyps/singan_out_style_transfered_1_to_1_vgg16/chk_id_769_gen_scale_0_0_img_ST.png,/work/vajira/DATA/sinGAN_polyps/singan_out/chk_id_769_gen_scale_0_0_mask.png
/work/vajira/DATA/sinGAN_polyps/singan_out_style_transfered_1_to_1_vgg16/chk_id_770_gen_scale_0_0_img_ST.png,/work/vajira/DATA/sinGAN_polyps/singan_out/chk_id_770_gen_scale_0_0_mask.png
/work/vajira/DATA/sinGAN_polyps/singan_out_style_transfered_1_to_1_vgg16/chk_id_771_gen_scale_0_0_img_ST.png,/work/vajira/DATA/sinGAN_polyps/singan_out/chk_id_771_gen_scale_0_0_mask.png
/work/vajira/DATA/sinGAN_polyps/singan_out_style_transfered_1_to_1_vgg16/chk_id_772_gen_scale_0_0_img_ST.png,/work/vajira/DATA/sinGAN_polyps/singan_out/chk_id_772_gen_scale_0_0_mask.png
/work/vajira/DATA/sinGAN_polyps/singan_out_style_transfered_1_to_1_vgg16/chk_id_773_gen_scale_0_0_img_ST.png,/work/vajira/DATA/sinGAN_polyps/singan_out/chk_id_773_gen_scale_0_0_mask.png
/work/vajira/DATA/sinGAN_polyps/singan_out_style_transfered_1_to_1_vgg16/chk_id_774_gen_scale_0_0_img_ST.png,/work/vajira/DATA/sinGAN_polyps/singan_out/chk_id_774_gen_scale_0_0_mask.png
/work/vajira/DATA/sinGAN_polyps/singan_out_style_transfered_1_to_1_vgg16/chk_id_775_gen_scale_0_0_img_ST.png,/work/vajira/DATA/sinGAN_polyps/singan_out/chk_id_775_gen_scale_0_0_mask.png
/work/vajira/DATA/sinGAN_polyps/singan_out_style_transfered_1_to_1_vgg16/chk_id_776_gen_scale_0_0_img_ST.png,/work/vajira/DATA/sinGAN_polyps/singan_out/chk_id_776_gen_scale_0_0_mask.png
/work/vajira/DATA/sinGAN_polyps/singan_out_style_transfered_1_to_1_vgg16/chk_id_777_gen_scale_0_0_img_ST.png,/work/vajira/DATA/sinGAN_polyps/singan_out/chk_id_777_gen_scale_0_0_mask.png
/work/vajira/DATA/sinGAN_polyps/singan_out_style_transfered_1_to_1_vgg16/chk_id_778_gen_scale_0_0_img_ST.png,/work/vajira/DATA/sinGAN_polyps/singan_out/chk_id_778_gen_scale_0_0_mask.png
/work/vajira/DATA/sinGAN_polyps/singan_out_style_transfered_1_to_1_vgg16/chk_id_779_gen_scale_0_0_img_ST.png,/work/vajira/DATA/sinGAN_polyps/singan_out/chk_id_779_gen_scale_0_0_mask.png
/work/vajira/DATA/sinGAN_polyps/singan_out_style_transfered_1_to_1_vgg16/chk_id_780_gen_scale_0_0_img_ST.png,/work/vajira/DATA/sinGAN_polyps/singan_out/chk_id_780_gen_scale_0_0_mask.png
/work/vajira/DATA/sinGAN_polyps/singan_out_style_transfered_1_to_1_vgg16/chk_id_781_gen_scale_0_0_img_ST.png,/work/vajira/DATA/sinGAN_polyps/singan_out/chk_id_781_gen_scale_0_0_mask.png
/work/vajira/DATA/sinGAN_polyps/singan_out_style_transfered_1_to_1_vgg16/chk_id_782_gen_scale_0_0_img_ST.png,/work/vajira/DATA/sinGAN_polyps/singan_out/chk_id_782_gen_scale_0_0_mask.png
/work/vajira/DATA/sinGAN_polyps/singan_out_style_transfered_1_to_1_vgg16/chk_id_783_gen_scale_0_0_img_ST.png,/work/vajira/DATA/sinGAN_polyps/singan_out/chk_id_783_gen_scale_0_0_mask.png
/work/vajira/DATA/sinGAN_polyps/singan_out_style_transfered_1_to_1_vgg16/chk_id_784_gen_scale_0_0_img_ST.png,/work/vajira/DATA/sinGAN_polyps/singan_out/chk_id_784_gen_scale_0_0_mask.png
/work/vajira/DATA/sinGAN_polyps/singan_out_style_transfered_1_to_1_vgg16/chk_id_785_gen_scale_0_0_img_ST.png,/work/vajira/DATA/sinGAN_polyps/singan_out/chk_id_785_gen_scale_0_0_mask.png
/work/vajira/DATA/sinGAN_polyps/singan_out_style_transfered_1_to_1_vgg16/chk_id_786_gen_scale_0_0_img_ST.png,/work/vajira/DATA/sinGAN_polyps/singan_out/chk_id_786_gen_scale_0_0_mask.png
/work/vajira/DATA/sinGAN_polyps/singan_out_style_transfered_1_to_1_vgg16/chk_id_787_gen_scale_0_0_img_ST.png,/work/vajira/DATA/sinGAN_polyps/singan_out/chk_id_787_gen_scale_0_0_mask.png
/work/vajira/DATA/sinGAN_polyps/singan_out_style_transfered_1_to_1_vgg16/chk_id_788_gen_scale_0_0_img_ST.png,/work/vajira/DATA/sinGAN_polyps/singan_out/chk_id_788_gen_scale_0_0_mask.png
/work/vajira/DATA/sinGAN_polyps/singan_out_style_transfered_1_to_1_vgg16/chk_id_789_gen_scale_0_0_img_ST.png,/work/vajira/DATA/sinGAN_polyps/singan_out/chk_id_789_gen_scale_0_0_mask.png
/work/vajira/DATA/sinGAN_polyps/singan_out_style_transfered_1_to_1_vgg16/chk_id_790_gen_scale_0_0_img_ST.png,/work/vajira/DATA/sinGAN_polyps/singan_out/chk_id_790_gen_scale_0_0_mask.png
/work/vajira/DATA/sinGAN_polyps/singan_out_style_transfered_1_to_1_vgg16/chk_id_791_gen_scale_0_0_img_ST.png,/work/vajira/DATA/sinGAN_polyps/singan_out/chk_id_791_gen_scale_0_0_mask.png
/work/vajira/DATA/sinGAN_polyps/singan_out_style_transfered_1_to_1_vgg16/chk_id_792_gen_scale_0_0_img_ST.png,/work/vajira/DATA/sinGAN_polyps/singan_out/chk_id_792_gen_scale_0_0_mask.png
/work/vajira/DATA/sinGAN_polyps/singan_out_style_transfered_1_to_1_vgg16/chk_id_793_gen_scale_0_0_img_ST.png,/work/vajira/DATA/sinGAN_polyps/singan_out/chk_id_793_gen_scale_0_0_mask.png
/work/vajira/DATA/sinGAN_polyps/singan_out_style_transfered_1_to_1_vgg16/chk_id_794_gen_scale_0_0_img_ST.png,/work/vajira/DATA/sinGAN_polyps/singan_out/chk_id_794_gen_scale_0_0_mask.png
/work/vajira/DATA/sinGAN_polyps/singan_out_style_transfered_1_to_1_vgg16/chk_id_795_gen_scale_0_0_img_ST.png,/work/vajira/DATA/sinGAN_polyps/singan_out/chk_id_795_gen_scale_0_0_mask.png
/work/vajira/DATA/sinGAN_polyps/singan_out_style_transfered_1_to_1_vgg16/chk_id_796_gen_scale_0_0_img_ST.png,/work/vajira/DATA/sinGAN_polyps/singan_out/chk_id_796_gen_scale_0_0_mask.png
/work/vajira/DATA/sinGAN_polyps/singan_out_style_transfered_1_to_1_vgg16/chk_id_797_gen_scale_0_0_img_ST.png,/work/vajira/DATA/sinGAN_polyps/singan_out/chk_id_797_gen_scale_0_0_mask.png
/work/vajira/DATA/sinGAN_polyps/singan_out_style_transfered_1_to_1_vgg16/chk_id_798_gen_scale_0_0_img_ST.png,/work/vajira/DATA/sinGAN_polyps/singan_out/chk_id_798_gen_scale_0_0_mask.png
/work/vajira/DATA/sinGAN_polyps/singan_out_style_transfered_1_to_1_vgg16/chk_id_799_gen_scale_0_0_img_ST.png,/work/vajira/DATA/sinGAN_polyps/singan_out/chk_id_799_gen_scale_0_0_mask.png
/work/vajira/DATA/sinGAN_polyps/singan_out_style_transfered_1_to_1_vgg16/chk_id_800_gen_scale_0_0_img_ST.png,/work/vajira/DATA/sinGAN_polyps/singan_out/chk_id_800_gen_scale_0_0_mask.png
/work/vajira/DATA/sinGAN_polyps/singan_out_style_transfered_1_to_1_vgg16/chk_id_801_gen_scale_0_0_img_ST.png,/work/vajira/DATA/sinGAN_polyps/singan_out/chk_id_801_gen_scale_0_0_mask.png
/work/vajira/DATA/sinGAN_polyps/singan_out_style_transfered_1_to_1_vgg16/chk_id_802_gen_scale_0_0_img_ST.png,/work/vajira/DATA/sinGAN_polyps/singan_out/chk_id_802_gen_scale_0_0_mask.png
/work/vajira/DATA/sinGAN_polyps/singan_out_style_transfered_1_to_1_vgg16/chk_id_803_gen_scale_0_0_img_ST.png,/work/vajira/DATA/sinGAN_polyps/singan_out/chk_id_803_gen_scale_0_0_mask.png
/work/vajira/DATA/sinGAN_polyps/singan_out_style_transfered_1_to_1_vgg16/chk_id_804_gen_scale_0_0_img_ST.png,/work/vajira/DATA/sinGAN_polyps/singan_out/chk_id_804_gen_scale_0_0_mask.png
/work/vajira/DATA/sinGAN_polyps/singan_out_style_transfered_1_to_1_vgg16/chk_id_805_gen_scale_0_0_img_ST.png,/work/vajira/DATA/sinGAN_polyps/singan_out/chk_id_805_gen_scale_0_0_mask.png
/work/vajira/DATA/sinGAN_polyps/singan_out_style_transfered_1_to_1_vgg16/chk_id_806_gen_scale_0_0_img_ST.png,/work/vajira/DATA/sinGAN_polyps/singan_out/chk_id_806_gen_scale_0_0_mask.png
/work/vajira/DATA/sinGAN_polyps/singan_out_style_transfered_1_to_1_vgg16/chk_id_807_gen_scale_0_0_img_ST.png,/work/vajira/DATA/sinGAN_polyps/singan_out/chk_id_807_gen_scale_0_0_mask.png
/work/vajira/DATA/sinGAN_polyps/singan_out_style_transfered_1_to_1_vgg16/chk_id_808_gen_scale_0_0_img_ST.png,/work/vajira/DATA/sinGAN_polyps/singan_out/chk_id_808_gen_scale_0_0_mask.png
/work/vajira/DATA/sinGAN_polyps/singan_out_style_transfered_1_to_1_vgg16/chk_id_809_gen_scale_0_0_img_ST.png,/work/vajira/DATA/sinGAN_polyps/singan_out/chk_id_809_gen_scale_0_0_mask.png
/work/vajira/DATA/sinGAN_polyps/singan_out_style_transfered_1_to_1_vgg16/chk_id_810_gen_scale_0_0_img_ST.png,/work/vajira/DATA/sinGAN_polyps/singan_out/chk_id_810_gen_scale_0_0_mask.png
/work/vajira/DATA/sinGAN_polyps/singan_out_style_transfered_1_to_1_vgg16/chk_id_811_gen_scale_0_0_img_ST.png,/work/vajira/DATA/sinGAN_polyps/singan_out/chk_id_811_gen_scale_0_0_mask.png
/work/vajira/DATA/sinGAN_polyps/singan_out_style_transfered_1_to_1_vgg16/chk_id_812_gen_scale_0_0_img_ST.png,/work/vajira/DATA/sinGAN_polyps/singan_out/chk_id_812_gen_scale_0_0_mask.png
/work/vajira/DATA/sinGAN_polyps/singan_out_style_transfered_1_to_1_vgg16/chk_id_813_gen_scale_0_0_img_ST.png,/work/vajira/DATA/sinGAN_polyps/singan_out/chk_id_813_gen_scale_0_0_mask.png
/work/vajira/DATA/sinGAN_polyps/singan_out_style_transfered_1_to_1_vgg16/chk_id_814_gen_scale_0_0_img_ST.png,/work/vajira/DATA/sinGAN_polyps/singan_out/chk_id_814_gen_scale_0_0_mask.png
/work/vajira/DATA/sinGAN_polyps/singan_out_style_transfered_1_to_1_vgg16/chk_id_815_gen_scale_0_0_img_ST.png,/work/vajira/DATA/sinGAN_polyps/singan_out/chk_id_815_gen_scale_0_0_mask.png
/work/vajira/DATA/sinGAN_polyps/singan_out_style_transfered_1_to_1_vgg16/chk_id_816_gen_scale_0_0_img_ST.png,/work/vajira/DATA/sinGAN_polyps/singan_out/chk_id_816_gen_scale_0_0_mask.png
/work/vajira/DATA/sinGAN_polyps/singan_out_style_transfered_1_to_1_vgg16/chk_id_817_gen_scale_0_0_img_ST.png,/work/vajira/DATA/sinGAN_polyps/singan_out/chk_id_817_gen_scale_0_0_mask.png
/work/vajira/DATA/sinGAN_polyps/singan_out_style_transfered_1_to_1_vgg16/chk_id_818_gen_scale_0_0_img_ST.png,/work/vajira/DATA/sinGAN_polyps/singan_out/chk_id_818_gen_scale_0_0_mask.png
/work/vajira/DATA/sinGAN_polyps/singan_out_style_transfered_1_to_1_vgg16/chk_id_819_gen_scale_0_0_img_ST.png,/work/vajira/DATA/sinGAN_polyps/singan_out/chk_id_819_gen_scale_0_0_mask.png
/work/vajira/DATA/sinGAN_polyps/singan_out_style_transfered_1_to_1_vgg16/chk_id_820_gen_scale_0_0_img_ST.png,/work/vajira/DATA/sinGAN_polyps/singan_out/chk_id_820_gen_scale_0_0_mask.png
/work/vajira/DATA/sinGAN_polyps/singan_out_style_transfered_1_to_1_vgg16/chk_id_821_gen_scale_0_0_img_ST.png,/work/vajira/DATA/sinGAN_polyps/singan_out/chk_id_821_gen_scale_0_0_mask.png
/work/vajira/DATA/sinGAN_polyps/singan_out_style_transfered_1_to_1_vgg16/chk_id_822_gen_scale_0_0_img_ST.png,/work/vajira/DATA/sinGAN_polyps/singan_out/chk_id_822_gen_scale_0_0_mask.png
/work/vajira/DATA/sinGAN_polyps/singan_out_style_transfered_1_to_1_vgg16/chk_id_823_gen_scale_0_0_img_ST.png,/work/vajira/DATA/sinGAN_polyps/singan_out/chk_id_823_gen_scale_0_0_mask.png
/work/vajira/DATA/sinGAN_polyps/singan_out_style_transfered_1_to_1_vgg16/chk_id_824_gen_scale_0_0_img_ST.png,/work/vajira/DATA/sinGAN_polyps/singan_out/chk_id_824_gen_scale_0_0_mask.png
/work/vajira/DATA/sinGAN_polyps/singan_out_style_transfered_1_to_1_vgg16/chk_id_825_gen_scale_0_0_img_ST.png,/work/vajira/DATA/sinGAN_polyps/singan_out/chk_id_825_gen_scale_0_0_mask.png
/work/vajira/DATA/sinGAN_polyps/singan_out_style_transfered_1_to_1_vgg16/chk_id_826_gen_scale_0_0_img_ST.png,/work/vajira/DATA/sinGAN_polyps/singan_out/chk_id_826_gen_scale_0_0_mask.png
/work/vajira/DATA/sinGAN_polyps/singan_out_style_transfered_1_to_1_vgg16/chk_id_827_gen_scale_0_0_img_ST.png,/work/vajira/DATA/sinGAN_polyps/singan_out/chk_id_827_gen_scale_0_0_mask.png
/work/vajira/DATA/sinGAN_polyps/singan_out_style_transfered_1_to_1_vgg16/chk_id_828_gen_scale_0_0_img_ST.png,/work/vajira/DATA/sinGAN_polyps/singan_out/chk_id_828_gen_scale_0_0_mask.png
/work/vajira/DATA/sinGAN_polyps/singan_out_style_transfered_1_to_1_vgg16/chk_id_829_gen_scale_0_0_img_ST.png,/work/vajira/DATA/sinGAN_polyps/singan_out/chk_id_829_gen_scale_0_0_mask.png
/work/vajira/DATA/sinGAN_polyps/singan_out_style_transfered_1_to_1_vgg16/chk_id_830_gen_scale_0_0_img_ST.png,/work/vajira/DATA/sinGAN_polyps/singan_out/chk_id_830_gen_scale_0_0_mask.png
/work/vajira/DATA/sinGAN_polyps/singan_out_style_transfered_1_to_1_vgg16/chk_id_831_gen_scale_0_0_img_ST.png,/work/vajira/DATA/sinGAN_polyps/singan_out/chk_id_831_gen_scale_0_0_mask.png
/work/vajira/DATA/sinGAN_polyps/singan_out_style_transfered_1_to_1_vgg16/chk_id_832_gen_scale_0_0_img_ST.png,/work/vajira/DATA/sinGAN_polyps/singan_out/chk_id_832_gen_scale_0_0_mask.png
/work/vajira/DATA/sinGAN_polyps/singan_out_style_transfered_1_to_1_vgg16/chk_id_833_gen_scale_0_0_img_ST.png,/work/vajira/DATA/sinGAN_polyps/singan_out/chk_id_833_gen_scale_0_0_mask.png
/work/vajira/DATA/sinGAN_polyps/singan_out_style_transfered_1_to_1_vgg16/chk_id_834_gen_scale_0_0_img_ST.png,/work/vajira/DATA/sinGAN_polyps/singan_out/chk_id_834_gen_scale_0_0_mask.png
/work/vajira/DATA/sinGAN_polyps/singan_out_style_transfered_1_to_1_vgg16/chk_id_835_gen_scale_0_0_img_ST.png,/work/vajira/DATA/sinGAN_polyps/singan_out/chk_id_835_gen_scale_0_0_mask.png
/work/vajira/DATA/sinGAN_polyps/singan_out_style_transfered_1_to_1_vgg16/chk_id_836_gen_scale_0_0_img_ST.png,/work/vajira/DATA/sinGAN_polyps/singan_out/chk_id_836_gen_scale_0_0_mask.png
/work/vajira/DATA/sinGAN_polyps/singan_out_style_transfered_1_to_1_vgg16/chk_id_837_gen_scale_0_0_img_ST.png,/work/vajira/DATA/sinGAN_polyps/singan_out/chk_id_837_gen_scale_0_0_mask.png
/work/vajira/DATA/sinGAN_polyps/singan_out_style_transfered_1_to_1_vgg16/chk_id_838_gen_scale_0_0_img_ST.png,/work/vajira/DATA/sinGAN_polyps/singan_out/chk_id_838_gen_scale_0_0_mask.png
/work/vajira/DATA/sinGAN_polyps/singan_out_style_transfered_1_to_1_vgg16/chk_id_839_gen_scale_0_0_img_ST.png,/work/vajira/DATA/sinGAN_polyps/singan_out/chk_id_839_gen_scale_0_0_mask.png
/work/vajira/DATA/sinGAN_polyps/singan_out_style_transfered_1_to_1_vgg16/chk_id_840_gen_scale_0_0_img_ST.png,/work/vajira/DATA/sinGAN_polyps/singan_out/chk_id_840_gen_scale_0_0_mask.png
/work/vajira/DATA/sinGAN_polyps/singan_out_style_transfered_1_to_1_vgg16/chk_id_841_gen_scale_0_0_img_ST.png,/work/vajira/DATA/sinGAN_polyps/singan_out/chk_id_841_gen_scale_0_0_mask.png
/work/vajira/DATA/sinGAN_polyps/singan_out_style_transfered_1_to_1_vgg16/chk_id_842_gen_scale_0_0_img_ST.png,/work/vajira/DATA/sinGAN_polyps/singan_out/chk_id_842_gen_scale_0_0_mask.png
/work/vajira/DATA/sinGAN_polyps/singan_out_style_transfered_1_to_1_vgg16/chk_id_843_gen_scale_0_0_img_ST.png,/work/vajira/DATA/sinGAN_polyps/singan_out/chk_id_843_gen_scale_0_0_mask.png
/work/vajira/DATA/sinGAN_polyps/singan_out_style_transfered_1_to_1_vgg16/chk_id_844_gen_scale_0_0_img_ST.png,/work/vajira/DATA/sinGAN_polyps/singan_out/chk_id_844_gen_scale_0_0_mask.png
/work/vajira/DATA/sinGAN_polyps/singan_out_style_transfered_1_to_1_vgg16/chk_id_845_gen_scale_0_0_img_ST.png,/work/vajira/DATA/sinGAN_polyps/singan_out/chk_id_845_gen_scale_0_0_mask.png
/work/vajira/DATA/sinGAN_polyps/singan_out_style_transfered_1_to_1_vgg16/chk_id_846_gen_scale_0_0_img_ST.png,/work/vajira/DATA/sinGAN_polyps/singan_out/chk_id_846_gen_scale_0_0_mask.png
/work/vajira/DATA/sinGAN_polyps/singan_out_style_transfered_1_to_1_vgg16/chk_id_847_gen_scale_0_0_img_ST.png,/work/vajira/DATA/sinGAN_polyps/singan_out/chk_id_847_gen_scale_0_0_mask.png
/work/vajira/DATA/sinGAN_polyps/singan_out_style_transfered_1_to_1_vgg16/chk_id_848_gen_scale_0_0_img_ST.png,/work/vajira/DATA/sinGAN_polyps/singan_out/chk_id_848_gen_scale_0_0_mask.png
/work/vajira/DATA/sinGAN_polyps/singan_out_style_transfered_1_to_1_vgg16/chk_id_849_gen_scale_0_0_img_ST.png,/work/vajira/DATA/sinGAN_polyps/singan_out/chk_id_849_gen_scale_0_0_mask.png
/work/vajira/DATA/sinGAN_polyps/singan_out_style_transfered_1_to_1_vgg16/chk_id_850_gen_scale_0_0_img_ST.png,/work/vajira/DATA/sinGAN_polyps/singan_out/chk_id_850_gen_scale_0_0_mask.png
/work/vajira/DATA/sinGAN_polyps/singan_out_style_transfered_1_to_1_vgg16/chk_id_851_gen_scale_0_0_img_ST.png,/work/vajira/DATA/sinGAN_polyps/singan_out/chk_id_851_gen_scale_0_0_mask.png
/work/vajira/DATA/sinGAN_polyps/singan_out_style_transfered_1_to_1_vgg16/chk_id_852_gen_scale_0_0_img_ST.png,/work/vajira/DATA/sinGAN_polyps/singan_out/chk_id_852_gen_scale_0_0_mask.png
/work/vajira/DATA/sinGAN_polyps/singan_out_style_transfered_1_to_1_vgg16/chk_id_853_gen_scale_0_0_img_ST.png,/work/vajira/DATA/sinGAN_polyps/singan_out/chk_id_853_gen_scale_0_0_mask.png
/work/vajira/DATA/sinGAN_polyps/singan_out_style_transfered_1_to_1_vgg16/chk_id_854_gen_scale_0_0_img_ST.png,/work/vajira/DATA/sinGAN_polyps/singan_out/chk_id_854_gen_scale_0_0_mask.png
/work/vajira/DATA/sinGAN_polyps/singan_out_style_transfered_1_to_1_vgg16/chk_id_855_gen_scale_0_0_img_ST.png,/work/vajira/DATA/sinGAN_polyps/singan_out/chk_id_855_gen_scale_0_0_mask.png
/work/vajira/DATA/sinGAN_polyps/singan_out_style_transfered_1_to_1_vgg16/chk_id_856_gen_scale_0_0_img_ST.png,/work/vajira/DATA/sinGAN_polyps/singan_out/chk_id_856_gen_scale_0_0_mask.png
/work/vajira/DATA/sinGAN_polyps/singan_out_style_transfered_1_to_1_vgg16/chk_id_857_gen_scale_0_0_img_ST.png,/work/vajira/DATA/sinGAN_polyps/singan_out/chk_id_857_gen_scale_0_0_mask.png
/work/vajira/DATA/sinGAN_polyps/singan_out_style_transfered_1_to_1_vgg16/chk_id_858_gen_scale_0_0_img_ST.png,/work/vajira/DATA/sinGAN_polyps/singan_out/chk_id_858_gen_scale_0_0_mask.png
/work/vajira/DATA/sinGAN_polyps/singan_out_style_transfered_1_to_1_vgg16/chk_id_859_gen_scale_0_0_img_ST.png,/work/vajira/DATA/sinGAN_polyps/singan_out/chk_id_859_gen_scale_0_0_mask.png
/work/vajira/DATA/sinGAN_polyps/singan_out_style_transfered_1_to_1_vgg16/chk_id_860_gen_scale_0_0_img_ST.png,/work/vajira/DATA/sinGAN_polyps/singan_out/chk_id_860_gen_scale_0_0_mask.png
/work/vajira/DATA/sinGAN_polyps/singan_out_style_transfered_1_to_1_vgg16/chk_id_861_gen_scale_0_0_img_ST.png,/work/vajira/DATA/sinGAN_polyps/singan_out/chk_id_861_gen_scale_0_0_mask.png
/work/vajira/DATA/sinGAN_polyps/singan_out_style_transfered_1_to_1_vgg16/chk_id_862_gen_scale_0_0_img_ST.png,/work/vajira/DATA/sinGAN_polyps/singan_out/chk_id_862_gen_scale_0_0_mask.png
/work/vajira/DATA/sinGAN_polyps/singan_out_style_transfered_1_to_1_vgg16/chk_id_863_gen_scale_0_0_img_ST.png,/work/vajira/DATA/sinGAN_polyps/singan_out/chk_id_863_gen_scale_0_0_mask.png
/work/vajira/DATA/sinGAN_polyps/singan_out_style_transfered_1_to_1_vgg16/chk_id_864_gen_scale_0_0_img_ST.png,/work/vajira/DATA/sinGAN_polyps/singan_out/chk_id_864_gen_scale_0_0_mask.png
/work/vajira/DATA/sinGAN_polyps/singan_out_style_transfered_1_to_1_vgg16/chk_id_865_gen_scale_0_0_img_ST.png,/work/vajira/DATA/sinGAN_polyps/singan_out/chk_id_865_gen_scale_0_0_mask.png
/work/vajira/DATA/sinGAN_polyps/singan_out_style_transfered_1_to_1_vgg16/chk_id_866_gen_scale_0_0_img_ST.png,/work/vajira/DATA/sinGAN_polyps/singan_out/chk_id_866_gen_scale_0_0_mask.png
/work/vajira/DATA/sinGAN_polyps/singan_out_style_transfered_1_to_1_vgg16/chk_id_867_gen_scale_0_0_img_ST.png,/work/vajira/DATA/sinGAN_polyps/singan_out/chk_id_867_gen_scale_0_0_mask.png
/work/vajira/DATA/sinGAN_polyps/singan_out_style_transfered_1_to_1_vgg16/chk_id_868_gen_scale_0_0_img_ST.png,/work/vajira/DATA/sinGAN_polyps/singan_out/chk_id_868_gen_scale_0_0_mask.png
/work/vajira/DATA/sinGAN_polyps/singan_out_style_transfered_1_to_1_vgg16/chk_id_869_gen_scale_0_0_img_ST.png,/work/vajira/DATA/sinGAN_polyps/singan_out/chk_id_869_gen_scale_0_0_mask.png
/work/vajira/DATA/sinGAN_polyps/singan_out_style_transfered_1_to_1_vgg16/chk_id_870_gen_scale_0_0_img_ST.png,/work/vajira/DATA/sinGAN_polyps/singan_out/chk_id_870_gen_scale_0_0_mask.png
/work/vajira/DATA/sinGAN_polyps/singan_out_style_transfered_1_to_1_vgg16/chk_id_871_gen_scale_0_0_img_ST.png,/work/vajira/DATA/sinGAN_polyps/singan_out/chk_id_871_gen_scale_0_0_mask.png
/work/vajira/DATA/sinGAN_polyps/singan_out_style_transfered_1_to_1_vgg16/chk_id_872_gen_scale_0_0_img_ST.png,/work/vajira/DATA/sinGAN_polyps/singan_out/chk_id_872_gen_scale_0_0_mask.png
/work/vajira/DATA/sinGAN_polyps/singan_out_style_transfered_1_to_1_vgg16/chk_id_873_gen_scale_0_0_img_ST.png,/work/vajira/DATA/sinGAN_polyps/singan_out/chk_id_873_gen_scale_0_0_mask.png
/work/vajira/DATA/sinGAN_polyps/singan_out_style_transfered_1_to_1_vgg16/chk_id_874_gen_scale_0_0_img_ST.png,/work/vajira/DATA/sinGAN_polyps/singan_out/chk_id_874_gen_scale_0_0_mask.png
/work/vajira/DATA/sinGAN_polyps/singan_out_style_transfered_1_to_1_vgg16/chk_id_875_gen_scale_0_0_img_ST.png,/work/vajira/DATA/sinGAN_polyps/singan_out/chk_id_875_gen_scale_0_0_mask.png
/work/vajira/DATA/sinGAN_polyps/singan_out_style_transfered_1_to_1_vgg16/chk_id_876_gen_scale_0_0_img_ST.png,/work/vajira/DATA/sinGAN_polyps/singan_out/chk_id_876_gen_scale_0_0_mask.png
/work/vajira/DATA/sinGAN_polyps/singan_out_style_transfered_1_to_1_vgg16/chk_id_877_gen_scale_0_0_img_ST.png,/work/vajira/DATA/sinGAN_polyps/singan_out/chk_id_877_gen_scale_0_0_mask.png
/work/vajira/DATA/sinGAN_polyps/singan_out_style_transfered_1_to_1_vgg16/chk_id_878_gen_scale_0_0_img_ST.png,/work/vajira/DATA/sinGAN_polyps/singan_out/chk_id_878_gen_scale_0_0_mask.png
/work/vajira/DATA/sinGAN_polyps/singan_out_style_transfered_1_to_1_vgg16/chk_id_879_gen_scale_0_0_img_ST.png,/work/vajira/DATA/sinGAN_polyps/singan_out/chk_id_879_gen_scale_0_0_mask.png
/work/vajira/DATA/sinGAN_polyps/singan_out_style_transfered_1_to_1_vgg16/chk_id_880_gen_scale_0_0_img_ST.png,/work/vajira/DATA/sinGAN_polyps/singan_out/chk_id_880_gen_scale_0_0_mask.png
/work/vajira/DATA/sinGAN_polyps/singan_out_style_transfered_1_to_1_vgg16/chk_id_881_gen_scale_0_0_img_ST.png,/work/vajira/DATA/sinGAN_polyps/singan_out/chk_id_881_gen_scale_0_0_mask.png
/work/vajira/DATA/sinGAN_polyps/singan_out_style_transfered_1_to_1_vgg16/chk_id_882_gen_scale_0_0_img_ST.png,/work/vajira/DATA/sinGAN_polyps/singan_out/chk_id_882_gen_scale_0_0_mask.png
/work/vajira/DATA/sinGAN_polyps/singan_out_style_transfered_1_to_1_vgg16/chk_id_883_gen_scale_0_0_img_ST.png,/work/vajira/DATA/sinGAN_polyps/singan_out/chk_id_883_gen_scale_0_0_mask.png
/work/vajira/DATA/sinGAN_polyps/singan_out_style_transfered_1_to_1_vgg16/chk_id_884_gen_scale_0_0_img_ST.png,/work/vajira/DATA/sinGAN_polyps/singan_out/chk_id_884_gen_scale_0_0_mask.png
/work/vajira/DATA/sinGAN_polyps/singan_out_style_transfered_1_to_1_vgg16/chk_id_885_gen_scale_0_0_img_ST.png,/work/vajira/DATA/sinGAN_polyps/singan_out/chk_id_885_gen_scale_0_0_mask.png
/work/vajira/DATA/sinGAN_polyps/singan_out_style_transfered_1_to_1_vgg16/chk_id_886_gen_scale_0_0_img_ST.png,/work/vajira/DATA/sinGAN_polyps/singan_out/chk_id_886_gen_scale_0_0_mask.png
/work/vajira/DATA/sinGAN_polyps/singan_out_style_transfered_1_to_1_vgg16/chk_id_887_gen_scale_0_0_img_ST.png,/work/vajira/DATA/sinGAN_polyps/singan_out/chk_id_887_gen_scale_0_0_mask.png
/work/vajira/DATA/sinGAN_polyps/singan_out_style_transfered_1_to_1_vgg16/chk_id_888_gen_scale_0_0_img_ST.png,/work/vajira/DATA/sinGAN_polyps/singan_out/chk_id_888_gen_scale_0_0_mask.png
/work/vajira/DATA/sinGAN_polyps/singan_out_style_transfered_1_to_1_vgg16/chk_id_889_gen_scale_0_0_img_ST.png,/work/vajira/DATA/sinGAN_polyps/singan_out/chk_id_889_gen_scale_0_0_mask.png
/work/vajira/DATA/sinGAN_polyps/singan_out_style_transfered_1_to_1_vgg16/chk_id_890_gen_scale_0_0_img_ST.png,/work/vajira/DATA/sinGAN_polyps/singan_out/chk_id_890_gen_scale_0_0_mask.png
/work/vajira/DATA/sinGAN_polyps/singan_out_style_transfered_1_to_1_vgg16/chk_id_891_gen_scale_0_0_img_ST.png,/work/vajira/DATA/sinGAN_polyps/singan_out/chk_id_891_gen_scale_0_0_mask.png
/work/vajira/DATA/sinGAN_polyps/singan_out_style_transfered_1_to_1_vgg16/chk_id_892_gen_scale_0_0_img_ST.png,/work/vajira/DATA/sinGAN_polyps/singan_out/chk_id_892_gen_scale_0_0_mask.png
/work/vajira/DATA/sinGAN_polyps/singan_out_style_transfered_1_to_1_vgg16/chk_id_893_gen_scale_0_0_img_ST.png,/work/vajira/DATA/sinGAN_polyps/singan_out/chk_id_893_gen_scale_0_0_mask.png
/work/vajira/DATA/sinGAN_polyps/singan_out_style_transfered_1_to_1_vgg16/chk_id_894_gen_scale_0_0_img_ST.png,/work/vajira/DATA/sinGAN_polyps/singan_out/chk_id_894_gen_scale_0_0_mask.png
/work/vajira/DATA/sinGAN_polyps/singan_out_style_transfered_1_to_1_vgg16/chk_id_895_gen_scale_0_0_img_ST.png,/work/vajira/DATA/sinGAN_polyps/singan_out/chk_id_895_gen_scale_0_0_mask.png
/work/vajira/DATA/sinGAN_polyps/singan_out_style_transfered_1_to_1_vgg16/chk_id_896_gen_scale_0_0_img_ST.png,/work/vajira/DATA/sinGAN_polyps/singan_out/chk_id_896_gen_scale_0_0_mask.png
/work/vajira/DATA/sinGAN_polyps/singan_out_style_transfered_1_to_1_vgg16/chk_id_897_gen_scale_0_0_img_ST.png,/work/vajira/DATA/sinGAN_polyps/singan_out/chk_id_897_gen_scale_0_0_mask.png
/work/vajira/DATA/sinGAN_polyps/singan_out_style_transfered_1_to_1_vgg16/chk_id_898_gen_scale_0_0_img_ST.png,/work/vajira/DATA/sinGAN_polyps/singan_out/chk_id_898_gen_scale_0_0_mask.png
/work/vajira/DATA/sinGAN_polyps/singan_out_style_transfered_1_to_1_vgg16/chk_id_899_gen_scale_0_0_img_ST.png,/work/vajira/DATA/sinGAN_polyps/singan_out/chk_id_899_gen_scale_0_0_mask.png
/work/vajira/DATA/sinGAN_polyps/singan_out_style_transfered_1_to_1_vgg16/chk_id_900_gen_scale_0_0_img_ST.png,/work/vajira/DATA/sinGAN_polyps/singan_out/chk_id_900_gen_scale_0_0_mask.png
/work/vajira/DATA/sinGAN_polyps/singan_out_style_transfered_1_to_1_vgg16/chk_id_901_gen_scale_0_0_img_ST.png,/work/vajira/DATA/sinGAN_polyps/singan_out/chk_id_901_gen_scale_0_0_mask.png
/work/vajira/DATA/sinGAN_polyps/singan_out_style_transfered_1_to_1_vgg16/chk_id_902_gen_scale_0_0_img_ST.png,/work/vajira/DATA/sinGAN_polyps/singan_out/chk_id_902_gen_scale_0_0_mask.png
/work/vajira/DATA/sinGAN_polyps/singan_out_style_transfered_1_to_1_vgg16/chk_id_903_gen_scale_0_0_img_ST.png,/work/vajira/DATA/sinGAN_polyps/singan_out/chk_id_903_gen_scale_0_0_mask.png
/work/vajira/DATA/sinGAN_polyps/singan_out_style_transfered_1_to_1_vgg16/chk_id_904_gen_scale_0_0_img_ST.png,/work/vajira/DATA/sinGAN_polyps/singan_out/chk_id_904_gen_scale_0_0_mask.png
/work/vajira/DATA/sinGAN_polyps/singan_out_style_transfered_1_to_1_vgg16/chk_id_905_gen_scale_0_0_img_ST.png,/work/vajira/DATA/sinGAN_polyps/singan_out/chk_id_905_gen_scale_0_0_mask.png
/work/vajira/DATA/sinGAN_polyps/singan_out_style_transfered_1_to_1_vgg16/chk_id_906_gen_scale_0_0_img_ST.png,/work/vajira/DATA/sinGAN_polyps/singan_out/chk_id_906_gen_scale_0_0_mask.png
/work/vajira/DATA/sinGAN_polyps/singan_out_style_transfered_1_to_1_vgg16/chk_id_907_gen_scale_0_0_img_ST.png,/work/vajira/DATA/sinGAN_polyps/singan_out/chk_id_907_gen_scale_0_0_mask.png
/work/vajira/DATA/sinGAN_polyps/singan_out_style_transfered_1_to_1_vgg16/chk_id_908_gen_scale_0_0_img_ST.png,/work/vajira/DATA/sinGAN_polyps/singan_out/chk_id_908_gen_scale_0_0_mask.png
/work/vajira/DATA/sinGAN_polyps/singan_out_style_transfered_1_to_1_vgg16/chk_id_909_gen_scale_0_0_img_ST.png,/work/vajira/DATA/sinGAN_polyps/singan_out/chk_id_909_gen_scale_0_0_mask.png
/work/vajira/DATA/sinGAN_polyps/singan_out_style_transfered_1_to_1_vgg16/chk_id_910_gen_scale_0_0_img_ST.png,/work/vajira/DATA/sinGAN_polyps/singan_out/chk_id_910_gen_scale_0_0_mask.png
/work/vajira/DATA/sinGAN_polyps/singan_out_style_transfered_1_to_1_vgg16/chk_id_911_gen_scale_0_0_img_ST.png,/work/vajira/DATA/sinGAN_polyps/singan_out/chk_id_911_gen_scale_0_0_mask.png
/work/vajira/DATA/sinGAN_polyps/singan_out_style_transfered_1_to_1_vgg16/chk_id_912_gen_scale_0_0_img_ST.png,/work/vajira/DATA/sinGAN_polyps/singan_out/chk_id_912_gen_scale_0_0_mask.png
/work/vajira/DATA/sinGAN_polyps/singan_out_style_transfered_1_to_1_vgg16/chk_id_913_gen_scale_0_0_img_ST.png,/work/vajira/DATA/sinGAN_polyps/singan_out/chk_id_913_gen_scale_0_0_mask.png
/work/vajira/DATA/sinGAN_polyps/singan_out_style_transfered_1_to_1_vgg16/chk_id_914_gen_scale_0_0_img_ST.png,/work/vajira/DATA/sinGAN_polyps/singan_out/chk_id_914_gen_scale_0_0_mask.png
/work/vajira/DATA/sinGAN_polyps/singan_out_style_transfered_1_to_1_vgg16/chk_id_915_gen_scale_0_0_img_ST.png,/work/vajira/DATA/sinGAN_polyps/singan_out/chk_id_915_gen_scale_0_0_mask.png
/work/vajira/DATA/sinGAN_polyps/singan_out_style_transfered_1_to_1_vgg16/chk_id_916_gen_scale_0_0_img_ST.png,/work/vajira/DATA/sinGAN_polyps/singan_out/chk_id_916_gen_scale_0_0_mask.png
/work/vajira/DATA/sinGAN_polyps/singan_out_style_transfered_1_to_1_vgg16/chk_id_917_gen_scale_0_0_img_ST.png,/work/vajira/DATA/sinGAN_polyps/singan_out/chk_id_917_gen_scale_0_0_mask.png
/work/vajira/DATA/sinGAN_polyps/singan_out_style_transfered_1_to_1_vgg16/chk_id_918_gen_scale_0_0_img_ST.png,/work/vajira/DATA/sinGAN_polyps/singan_out/chk_id_918_gen_scale_0_0_mask.png
/work/vajira/DATA/sinGAN_polyps/singan_out_style_transfered_1_to_1_vgg16/chk_id_919_gen_scale_0_0_img_ST.png,/work/vajira/DATA/sinGAN_polyps/singan_out/chk_id_919_gen_scale_0_0_mask.png
/work/vajira/DATA/sinGAN_polyps/singan_out_style_transfered_1_to_1_vgg16/chk_id_920_gen_scale_0_0_img_ST.png,/work/vajira/DATA/sinGAN_polyps/singan_out/chk_id_920_gen_scale_0_0_mask.png
/work/vajira/DATA/sinGAN_polyps/singan_out_style_transfered_1_to_1_vgg16/chk_id_921_gen_scale_0_0_img_ST.png,/work/vajira/DATA/sinGAN_polyps/singan_out/chk_id_921_gen_scale_0_0_mask.png
/work/vajira/DATA/sinGAN_polyps/singan_out_style_transfered_1_to_1_vgg16/chk_id_922_gen_scale_0_0_img_ST.png,/work/vajira/DATA/sinGAN_polyps/singan_out/chk_id_922_gen_scale_0_0_mask.png
/work/vajira/DATA/sinGAN_polyps/singan_out_style_transfered_1_to_1_vgg16/chk_id_923_gen_scale_0_0_img_ST.png,/work/vajira/DATA/sinGAN_polyps/singan_out/chk_id_923_gen_scale_0_0_mask.png
/work/vajira/DATA/sinGAN_polyps/singan_out_style_transfered_1_to_1_vgg16/chk_id_924_gen_scale_0_0_img_ST.png,/work/vajira/DATA/sinGAN_polyps/singan_out/chk_id_924_gen_scale_0_0_mask.png
/work/vajira/DATA/sinGAN_polyps/singan_out_style_transfered_1_to_1_vgg16/chk_id_925_gen_scale_0_0_img_ST.png,/work/vajira/DATA/sinGAN_polyps/singan_out/chk_id_925_gen_scale_0_0_mask.png
/work/vajira/DATA/sinGAN_polyps/singan_out_style_transfered_1_to_1_vgg16/chk_id_926_gen_scale_0_0_img_ST.png,/work/vajira/DATA/sinGAN_polyps/singan_out/chk_id_926_gen_scale_0_0_mask.png
/work/vajira/DATA/sinGAN_polyps/singan_out_style_transfered_1_to_1_vgg16/chk_id_927_gen_scale_0_0_img_ST.png,/work/vajira/DATA/sinGAN_polyps/singan_out/chk_id_927_gen_scale_0_0_mask.png
/work/vajira/DATA/sinGAN_polyps/singan_out_style_transfered_1_to_1_vgg16/chk_id_928_gen_scale_0_0_img_ST.png,/work/vajira/DATA/sinGAN_polyps/singan_out/chk_id_928_gen_scale_0_0_mask.png
/work/vajira/DATA/sinGAN_polyps/singan_out_style_transfered_1_to_1_vgg16/chk_id_929_gen_scale_0_0_img_ST.png,/work/vajira/DATA/sinGAN_polyps/singan_out/chk_id_929_gen_scale_0_0_mask.png
/work/vajira/DATA/sinGAN_polyps/singan_out_style_transfered_1_to_1_vgg16/chk_id_930_gen_scale_0_0_img_ST.png,/work/vajira/DATA/sinGAN_polyps/singan_out/chk_id_930_gen_scale_0_0_mask.png
/work/vajira/DATA/sinGAN_polyps/singan_out_style_transfered_1_to_1_vgg16/chk_id_931_gen_scale_0_0_img_ST.png,/work/vajira/DATA/sinGAN_polyps/singan_out/chk_id_931_gen_scale_0_0_mask.png
/work/vajira/DATA/sinGAN_polyps/singan_out_style_transfered_1_to_1_vgg16/chk_id_932_gen_scale_0_0_img_ST.png,/work/vajira/DATA/sinGAN_polyps/singan_out/chk_id_932_gen_scale_0_0_mask.png
/work/vajira/DATA/sinGAN_polyps/singan_out_style_transfered_1_to_1_vgg16/chk_id_933_gen_scale_0_0_img_ST.png,/work/vajira/DATA/sinGAN_polyps/singan_out/chk_id_933_gen_scale_0_0_mask.png
/work/vajira/DATA/sinGAN_polyps/singan_out_style_transfered_1_to_1_vgg16/chk_id_934_gen_scale_0_0_img_ST.png,/work/vajira/DATA/sinGAN_polyps/singan_out/chk_id_934_gen_scale_0_0_mask.png
/work/vajira/DATA/sinGAN_polyps/singan_out_style_transfered_1_to_1_vgg16/chk_id_935_gen_scale_0_0_img_ST.png,/work/vajira/DATA/sinGAN_polyps/singan_out/chk_id_935_gen_scale_0_0_mask.png
/work/vajira/DATA/sinGAN_polyps/singan_out_style_transfered_1_to_1_vgg16/chk_id_936_gen_scale_0_0_img_ST.png,/work/vajira/DATA/sinGAN_polyps/singan_out/chk_id_936_gen_scale_0_0_mask.png
/work/vajira/DATA/sinGAN_polyps/singan_out_style_transfered_1_to_1_vgg16/chk_id_937_gen_scale_0_0_img_ST.png,/work/vajira/DATA/sinGAN_polyps/singan_out/chk_id_937_gen_scale_0_0_mask.png
/work/vajira/DATA/sinGAN_polyps/singan_out_style_transfered_1_to_1_vgg16/chk_id_938_gen_scale_0_0_img_ST.png,/work/vajira/DATA/sinGAN_polyps/singan_out/chk_id_938_gen_scale_0_0_mask.png
/work/vajira/DATA/sinGAN_polyps/singan_out_style_transfered_1_to_1_vgg16/chk_id_939_gen_scale_0_0_img_ST.png,/work/vajira/DATA/sinGAN_polyps/singan_out/chk_id_939_gen_scale_0_0_mask.png
/work/vajira/DATA/sinGAN_polyps/singan_out_style_transfered_1_to_1_vgg16/chk_id_940_gen_scale_0_0_img_ST.png,/work/vajira/DATA/sinGAN_polyps/singan_out/chk_id_940_gen_scale_0_0_mask.png
/work/vajira/DATA/sinGAN_polyps/singan_out_style_transfered_1_to_1_vgg16/chk_id_941_gen_scale_0_0_img_ST.png,/work/vajira/DATA/sinGAN_polyps/singan_out/chk_id_941_gen_scale_0_0_mask.png
/work/vajira/DATA/sinGAN_polyps/singan_out_style_transfered_1_to_1_vgg16/chk_id_942_gen_scale_0_0_img_ST.png,/work/vajira/DATA/sinGAN_polyps/singan_out/chk_id_942_gen_scale_0_0_mask.png
/work/vajira/DATA/sinGAN_polyps/singan_out_style_transfered_1_to_1_vgg16/chk_id_943_gen_scale_0_0_img_ST.png,/work/vajira/DATA/sinGAN_polyps/singan_out/chk_id_943_gen_scale_0_0_mask.png
/work/vajira/DATA/sinGAN_polyps/singan_out_style_transfered_1_to_1_vgg16/chk_id_944_gen_scale_0_0_img_ST.png,/work/vajira/DATA/sinGAN_polyps/singan_out/chk_id_944_gen_scale_0_0_mask.png
/work/vajira/DATA/sinGAN_polyps/singan_out_style_transfered_1_to_1_vgg16/chk_id_945_gen_scale_0_0_img_ST.png,/work/vajira/DATA/sinGAN_polyps/singan_out/chk_id_945_gen_scale_0_0_mask.png
/work/vajira/DATA/sinGAN_polyps/singan_out_style_transfered_1_to_1_vgg16/chk_id_946_gen_scale_0_0_img_ST.png,/work/vajira/DATA/sinGAN_polyps/singan_out/chk_id_946_gen_scale_0_0_mask.png
/work/vajira/DATA/sinGAN_polyps/singan_out_style_transfered_1_to_1_vgg16/chk_id_947_gen_scale_0_0_img_ST.png,/work/vajira/DATA/sinGAN_polyps/singan_out/chk_id_947_gen_scale_0_0_mask.png
/work/vajira/DATA/sinGAN_polyps/singan_out_style_transfered_1_to_1_vgg16/chk_id_948_gen_scale_0_0_img_ST.png,/work/vajira/DATA/sinGAN_polyps/singan_out/chk_id_948_gen_scale_0_0_mask.png
/work/vajira/DATA/sinGAN_polyps/singan_out_style_transfered_1_to_1_vgg16/chk_id_949_gen_scale_0_0_img_ST.png,/work/vajira/DATA/sinGAN_polyps/singan_out/chk_id_949_gen_scale_0_0_mask.png
/work/vajira/DATA/sinGAN_polyps/singan_out_style_transfered_1_to_1_vgg16/chk_id_950_gen_scale_0_0_img_ST.png,/work/vajira/DATA/sinGAN_polyps/singan_out/chk_id_950_gen_scale_0_0_mask.png
/work/vajira/DATA/sinGAN_polyps/singan_out_style_transfered_1_to_1_vgg16/chk_id_951_gen_scale_0_0_img_ST.png,/work/vajira/DATA/sinGAN_polyps/singan_out/chk_id_951_gen_scale_0_0_mask.png
/work/vajira/DATA/sinGAN_polyps/singan_out_style_transfered_1_to_1_vgg16/chk_id_952_gen_scale_0_0_img_ST.png,/work/vajira/DATA/sinGAN_polyps/singan_out/chk_id_952_gen_scale_0_0_mask.png
/work/vajira/DATA/sinGAN_polyps/singan_out_style_transfered_1_to_1_vgg16/chk_id_953_gen_scale_0_0_img_ST.png,/work/vajira/DATA/sinGAN_polyps/singan_out/chk_id_953_gen_scale_0_0_mask.png
/work/vajira/DATA/sinGAN_polyps/singan_out_style_transfered_1_to_1_vgg16/chk_id_954_gen_scale_0_0_img_ST.png,/work/vajira/DATA/sinGAN_polyps/singan_out/chk_id_954_gen_scale_0_0_mask.png
/work/vajira/DATA/sinGAN_polyps/singan_out_style_transfered_1_to_1_vgg16/chk_id_955_gen_scale_0_0_img_ST.png,/work/vajira/DATA/sinGAN_polyps/singan_out/chk_id_955_gen_scale_0_0_mask.png
/work/vajira/DATA/sinGAN_polyps/singan_out_style_transfered_1_to_1_vgg16/chk_id_956_gen_scale_0_0_img_ST.png,/work/vajira/DATA/sinGAN_polyps/singan_out/chk_id_956_gen_scale_0_0_mask.png
/work/vajira/DATA/sinGAN_polyps/singan_out_style_transfered_1_to_1_vgg16/chk_id_957_gen_scale_0_0_img_ST.png,/work/vajira/DATA/sinGAN_polyps/singan_out/chk_id_957_gen_scale_0_0_mask.png
/work/vajira/DATA/sinGAN_polyps/singan_out_style_transfered_1_to_1_vgg16/chk_id_958_gen_scale_0_0_img_ST.png,/work/vajira/DATA/sinGAN_polyps/singan_out/chk_id_958_gen_scale_0_0_mask.png
/work/vajira/DATA/sinGAN_polyps/singan_out_style_transfered_1_to_1_vgg16/chk_id_959_gen_scale_0_0_img_ST.png,/work/vajira/DATA/sinGAN_polyps/singan_out/chk_id_959_gen_scale_0_0_mask.png
/work/vajira/DATA/sinGAN_polyps/singan_out_style_transfered_1_to_1_vgg16/chk_id_960_gen_scale_0_0_img_ST.png,/work/vajira/DATA/sinGAN_polyps/singan_out/chk_id_960_gen_scale_0_0_mask.png
/work/vajira/DATA/sinGAN_polyps/singan_out_style_transfered_1_to_1_vgg16/chk_id_961_gen_scale_0_0_img_ST.png,/work/vajira/DATA/sinGAN_polyps/singan_out/chk_id_961_gen_scale_0_0_mask.png
/work/vajira/DATA/sinGAN_polyps/singan_out_style_transfered_1_to_1_vgg16/chk_id_962_gen_scale_0_0_img_ST.png,/work/vajira/DATA/sinGAN_polyps/singan_out/chk_id_962_gen_scale_0_0_mask.png
/work/vajira/DATA/sinGAN_polyps/singan_out_style_transfered_1_to_1_vgg16/chk_id_963_gen_scale_0_0_img_ST.png,/work/vajira/DATA/sinGAN_polyps/singan_out/chk_id_963_gen_scale_0_0_mask.png
/work/vajira/DATA/sinGAN_polyps/singan_out_style_transfered_1_to_1_vgg16/chk_id_964_gen_scale_0_0_img_ST.png,/work/vajira/DATA/sinGAN_polyps/singan_out/chk_id_964_gen_scale_0_0_mask.png
/work/vajira/DATA/sinGAN_polyps/singan_out_style_transfered_1_to_1_vgg16/chk_id_965_gen_scale_0_0_img_ST.png,/work/vajira/DATA/sinGAN_polyps/singan_out/chk_id_965_gen_scale_0_0_mask.png
/work/vajira/DATA/sinGAN_polyps/singan_out_style_transfered_1_to_1_vgg16/chk_id_966_gen_scale_0_0_img_ST.png,/work/vajira/DATA/sinGAN_polyps/singan_out/chk_id_966_gen_scale_0_0_mask.png
/work/vajira/DATA/sinGAN_polyps/singan_out_style_transfered_1_to_1_vgg16/chk_id_967_gen_scale_0_0_img_ST.png,/work/vajira/DATA/sinGAN_polyps/singan_out/chk_id_967_gen_scale_0_0_mask.png
/work/vajira/DATA/sinGAN_polyps/singan_out_style_transfered_1_to_1_vgg16/chk_id_968_gen_scale_0_0_img_ST.png,/work/vajira/DATA/sinGAN_polyps/singan_out/chk_id_968_gen_scale_0_0_mask.png
/work/vajira/DATA/sinGAN_polyps/singan_out_style_transfered_1_to_1_vgg16/chk_id_969_gen_scale_0_0_img_ST.png,/work/vajira/DATA/sinGAN_polyps/singan_out/chk_id_969_gen_scale_0_0_mask.png
/work/vajira/DATA/sinGAN_polyps/singan_out_style_transfered_1_to_1_vgg16/chk_id_970_gen_scale_0_0_img_ST.png,/work/vajira/DATA/sinGAN_polyps/singan_out/chk_id_970_gen_scale_0_0_mask.png
/work/vajira/DATA/sinGAN_polyps/singan_out_style_transfered_1_to_1_vgg16/chk_id_971_gen_scale_0_0_img_ST.png,/work/vajira/DATA/sinGAN_polyps/singan_out/chk_id_971_gen_scale_0_0_mask.png
/work/vajira/DATA/sinGAN_polyps/singan_out_style_transfered_1_to_1_vgg16/chk_id_972_gen_scale_0_0_img_ST.png,/work/vajira/DATA/sinGAN_polyps/singan_out/chk_id_972_gen_scale_0_0_mask.png
/work/vajira/DATA/sinGAN_polyps/singan_out_style_transfered_1_to_1_vgg16/chk_id_973_gen_scale_0_0_img_ST.png,/work/vajira/DATA/sinGAN_polyps/singan_out/chk_id_973_gen_scale_0_0_mask.png
/work/vajira/DATA/sinGAN_polyps/singan_out_style_transfered_1_to_1_vgg16/chk_id_974_gen_scale_0_0_img_ST.png,/work/vajira/DATA/sinGAN_polyps/singan_out/chk_id_974_gen_scale_0_0_mask.png
/work/vajira/DATA/sinGAN_polyps/singan_out_style_transfered_1_to_1_vgg16/chk_id_975_gen_scale_0_0_img_ST.png,/work/vajira/DATA/sinGAN_polyps/singan_out/chk_id_975_gen_scale_0_0_mask.png
/work/vajira/DATA/sinGAN_polyps/singan_out_style_transfered_1_to_1_vgg16/chk_id_976_gen_scale_0_0_img_ST.png,/work/vajira/DATA/sinGAN_polyps/singan_out/chk_id_976_gen_scale_0_0_mask.png
/work/vajira/DATA/sinGAN_polyps/singan_out_style_transfered_1_to_1_vgg16/chk_id_977_gen_scale_0_0_img_ST.png,/work/vajira/DATA/sinGAN_polyps/singan_out/chk_id_977_gen_scale_0_0_mask.png
/work/vajira/DATA/sinGAN_polyps/singan_out_style_transfered_1_to_1_vgg16/chk_id_978_gen_scale_0_0_img_ST.png,/work/vajira/DATA/sinGAN_polyps/singan_out/chk_id_978_gen_scale_0_0_mask.png
/work/vajira/DATA/sinGAN_polyps/singan_out_style_transfered_1_to_1_vgg16/chk_id_979_gen_scale_0_0_img_ST.png,/work/vajira/DATA/sinGAN_polyps/singan_out/chk_id_979_gen_scale_0_0_mask.png
/work/vajira/DATA/sinGAN_polyps/singan_out_style_transfered_1_to_1_vgg16/chk_id_980_gen_scale_0_0_img_ST.png,/work/vajira/DATA/sinGAN_polyps/singan_out/chk_id_980_gen_scale_0_0_mask.png
/work/vajira/DATA/sinGAN_polyps/singan_out_style_transfered_1_to_1_vgg16/chk_id_981_gen_scale_0_0_img_ST.png,/work/vajira/DATA/sinGAN_polyps/singan_out/chk_id_981_gen_scale_0_0_mask.png
/work/vajira/DATA/sinGAN_polyps/singan_out_style_transfered_1_to_1_vgg16/chk_id_982_gen_scale_0_0_img_ST.png,/work/vajira/DATA/sinGAN_polyps/singan_out/chk_id_982_gen_scale_0_0_mask.png
/work/vajira/DATA/sinGAN_polyps/singan_out_style_transfered_1_to_1_vgg16/chk_id_983_gen_scale_0_0_img_ST.png,/work/vajira/DATA/sinGAN_polyps/singan_out/chk_id_983_gen_scale_0_0_mask.png
/work/vajira/DATA/sinGAN_polyps/singan_out_style_transfered_1_to_1_vgg16/chk_id_984_gen_scale_0_0_img_ST.png,/work/vajira/DATA/sinGAN_polyps/singan_out/chk_id_984_gen_scale_0_0_mask.png
/work/vajira/DATA/sinGAN_polyps/singan_out_style_transfered_1_to_1_vgg16/chk_id_985_gen_scale_0_0_img_ST.png,/work/vajira/DATA/sinGAN_polyps/singan_out/chk_id_985_gen_scale_0_0_mask.png
/work/vajira/DATA/sinGAN_polyps/singan_out_style_transfered_1_to_1_vgg16/chk_id_986_gen_scale_0_0_img_ST.png,/work/vajira/DATA/sinGAN_polyps/singan_out/chk_id_986_gen_scale_0_0_mask.png
/work/vajira/DATA/sinGAN_polyps/singan_out_style_transfered_1_to_1_vgg16/chk_id_987_gen_scale_0_0_img_ST.png,/work/vajira/DATA/sinGAN_polyps/singan_out/chk_id_987_gen_scale_0_0_mask.png
/work/vajira/DATA/sinGAN_polyps/singan_out_style_transfered_1_to_1_vgg16/chk_id_988_gen_scale_0_0_img_ST.png,/work/vajira/DATA/sinGAN_polyps/singan_out/chk_id_988_gen_scale_0_0_mask.png
/work/vajira/DATA/sinGAN_polyps/singan_out_style_transfered_1_to_1_vgg16/chk_id_989_gen_scale_0_0_img_ST.png,/work/vajira/DATA/sinGAN_polyps/singan_out/chk_id_989_gen_scale_0_0_mask.png
/work/vajira/DATA/sinGAN_polyps/singan_out_style_transfered_1_to_1_vgg16/chk_id_990_gen_scale_0_0_img_ST.png,/work/vajira/DATA/sinGAN_polyps/singan_out/chk_id_990_gen_scale_0_0_mask.png
/work/vajira/DATA/sinGAN_polyps/singan_out_style_transfered_1_to_1_vgg16/chk_id_991_gen_scale_0_0_img_ST.png,/work/vajira/DATA/sinGAN_polyps/singan_out/chk_id_991_gen_scale_0_0_mask.png
/work/vajira/DATA/sinGAN_polyps/singan_out_style_transfered_1_to_1_vgg16/chk_id_992_gen_scale_0_0_img_ST.png,/work/vajira/DATA/sinGAN_polyps/singan_out/chk_id_992_gen_scale_0_0_mask.png
/work/vajira/DATA/sinGAN_polyps/singan_out_style_transfered_1_to_1_vgg16/chk_id_993_gen_scale_0_0_img_ST.png,/work/vajira/DATA/sinGAN_polyps/singan_out/chk_id_993_gen_scale_0_0_mask.png
/work/vajira/DATA/sinGAN_polyps/singan_out_style_transfered_1_to_1_vgg16/chk_id_994_gen_scale_0_0_img_ST.png,/work/vajira/DATA/sinGAN_polyps/singan_out/chk_id_994_gen_scale_0_0_mask.png
/work/vajira/DATA/sinGAN_polyps/singan_out_style_transfered_1_to_1_vgg16/chk_id_995_gen_scale_0_0_img_ST.png,/work/vajira/DATA/sinGAN_polyps/singan_out/chk_id_995_gen_scale_0_0_mask.png
/work/vajira/DATA/sinGAN_polyps/singan_out_style_transfered_1_to_1_vgg16/chk_id_996_gen_scale_0_0_img_ST.png,/work/vajira/DATA/sinGAN_polyps/singan_out/chk_id_996_gen_scale_0_0_mask.png
/work/vajira/DATA/sinGAN_polyps/singan_out_style_transfered_1_to_1_vgg16/chk_id_997_gen_scale_0_0_img_ST.png,/work/vajira/DATA/sinGAN_polyps/singan_out/chk_id_997_gen_scale_0_0_mask.png
/work/vajira/DATA/sinGAN_polyps/singan_out_style_transfered_1_to_1_vgg16/chk_id_998_gen_scale_0_0_img_ST.png,/work/vajira/DATA/sinGAN_polyps/singan_out/chk_id_998_gen_scale_0_0_mask.png
/work/vajira/DATA/sinGAN_polyps/singan_out_style_transfered_1_to_1_vgg16/chk_id_999_gen_scale_0_0_img_ST.png,/work/vajira/DATA/sinGAN_polyps/singan_out/chk_id_999_gen_scale_0_0_mask.png
/work/vajira/DATA/sinGAN_polyps/singan_out_style_transfered_1_to_1_vgg16/chk_id_1000_gen_scale_0_0_img_ST.png,/work/vajira/DATA/sinGAN_polyps/singan_out/chk_id_1000_gen_scale_0_0_mask.png
